region,p
Right-Thalamus,0.240270718666311
Left-Thalamus,0.240270718666311
Right-Caudate,0.8756561282032016
Left-Caudate,0.8756561282032016
Right-Putamen,0.4790915245644224
Left-Putamen,0.4790915245644224
Right-Hippocampus,0.05419252942945317
Left-Hippocampus,0.05419252942945317
Right-Amygdala,0.09534473328887749
Left-Amygdala,0.09534473328887749
